employeeid;$;lastname;$;firstname;$;title;$;titleofcourtesy;$;birthdate;$;hiredate;$;address;$;city;$;region;$;postalcode;$;country;$;homephone;$;extension;$;photo;$;notes;$;reportsto;$;photopath
1;$;Davolio;$;Nancy;$;Sales Representative;$;Ms.;$;Wed Dec 08 1948 17:00:00 GMT+0100 (CET);$;Sun Mar 08 2015 05:00:00 GMT+0100 (CET);$;507 - 20th Ave. E.Apt. 2A;$;Seattle;$;WA;$;98122;$;USA;$;(206) 555-9857;$;5467;$;;$;Education includes a BA in psychology from Colorado State University in 1970. She also completed "The Art of the Cold Call." Nancy is a member of Toastmasters International.;$;2;$;http://accweb/emmployees/davolio.bmp
2;$;Fuller;$;Andrew;$;Vice President, Sales;$;Dr.;$;Tue Feb 19 1952 17:00:00 GMT+0100 (CET);$;Fri Aug 14 1992 16:00:00 GMT+0200 (CEST);$;908 W. Capital Way;$;Tacoma;$;WA;$;98401;$;USA;$;(206) 555-9482;$;3457;$;;$;Andrew received his BTS commercial in 1974 and a Ph.D. in international marketing from the University of Dallas in 1981. He is fluent in French and Italian and reads German. He joined the company as a sales representative, was promoted to sales manager in January 1992 and to vice president of sales in March 1993. Andrew is a member of the Sales Management Roundtable, the Seattle Chamber of Commerce, and the Pacific Rim Importers Association.;$;;$;http://accweb/emmployees/fuller.bmp
3;$;Leverling;$;Janet;$;Sales Representative;$;Ms.;$;Fri Aug 30 1963 16:00:00 GMT+0100 (CET);$;Wed Apr 01 1992 17:00:00 GMT+0200 (CEST);$;722 Moss Bay Blvd.;$;Kirkland;$;WA;$;98033;$;USA;$;(206) 555-3412;$;3355;$;;$;Janet has a BS degree in chemistry from Boston College (1984). She has also completed a certificate program in food retailing management. Janet was hired as a sales associate in 1991 and promoted to sales representative in February 1992.;$;2;$;http://accweb/emmployees/leverling.bmp
4;$;Peacock;$;Margaret;$;Sales Representative;$;Mrs.;$;Sun Sep 19 1937 16:00:00 GMT+0100 (CET);$;Mon May 03 1993 16:00:00 GMT+0200 (CEST);$;4110 Old Redmond Rd.;$;Redmond;$;WA;$;98052;$;USA;$;(206) 555-8122;$;5176;$;;$;Margaret holds a BA in English literature from Concordia College (1958) and an MA from theerican Institute of Culinary Arts (1966). She was assigned to the London office temporarily from July through November 1992.;$;2;$;http://accweb/emmployees/peacock.bmp
5;$;Buchanan;$;Steven;$;Sales Manager;$;Mr.;$;Fri Mar 04 1955 17:00:00 GMT+0100 (CET);$;Sun Oct 17 1993 16:00:00 GMT+0100 (CET);$;14 Garrett Hill;$;London;$;;$;SW1 8JR;$;UK;$;(71) 555-4848;$;3453;$;;$;Steven Buchanan graduated from St. Andrews University, Scotland, with a BSC degree in 1976. Upon joining the company as a sales representative in 1992, he spent 6 months in an orientation program at the Seattle office and then returned to his permanent post in London. He was promoted to sales manager in March 1993. Mr. Buchanan has completed the courses "Successful Telemarketing" and "International Sales Management." He is fluent in French.;$;2;$;http://accweb/emmployees/buchanan.bmp
6;$;Suyama;$;Michael;$;Sales Representative;$;Mr.;$;Tue Jul 02 1963 16:00:00 GMT+0100 (CET);$;Sun Oct 17 1993 16:00:00 GMT+0100 (CET);$;Coventry HouseMiner Rd.;$;London;$;;$;EC2 7JR;$;UK;$;(71) 555-7773;$;428;$;;$;Michael is a graduate of Sussex University (MA, economics, 1983) and the University of California at Los Angeles (MBA, marketing, 1986). He has also taken the courses "Multi-Cultural Selling" and "Time Management for the Sales Professional." He is fluent in Japanese and can read and write French, Portuguese, and Spanish.;$;5;$;http://accweb/emmployees/davolio.bmp
7;$;King;$;Robert;$;Sales Representative;$;Mr.;$;Sun May 29 1960 16:00:00 GMT+0100 (CET);$;Sun Jan 02 1994 17:00:00 GMT+0100 (CET);$;Edgeham HollowWinchester Way;$;London;$;;$;RG1 9SP;$;UK;$;(71) 555-5598;$;465;$;;$;Robert King served in the Peace Corps and traveled extensively before completing his degree in English at the University of Michigan in 1992, the year he joined the company. After completing a course entitled "Selling in Europe," he was transferred to the London office in March 1993.;$;5;$;http://accweb/emmployees/davolio.bmp
8;$;Callahan;$;Laura;$;Inside Sales Coordinator;$;Ms.;$;Thu Jan 09 1958 17:00:00 GMT+0100 (CET);$;Sat Mar 05 1994 17:00:00 GMT+0100 (CET);$;4726 - 11th Ave. N.E.;$;Seattle;$;WA;$;98105;$;USA;$;(206) 555-1189;$;2344;$;;$;Laura received a BA in psychology from the University of Washington. She has also completed a course in business French. She reads and writes French.;$;2;$;http://accweb/emmployees/davolio.bmp
9;$;Dodsworth;$;Anne;$;Sales Representative;$;Ms.;$;Thu Jan 27 1966 17:00:00 GMT+0100 (CET);$;Tue Nov 15 1994 17:00:00 GMT+0100 (CET);$;7 Houndstooth Rd.;$;London;$;;$;WG2 7LT;$;UK;$;(71) 555-4444;$;452;$;;$;Anne has a BA degree in English from St. Lawrence College. She is fluent in French and German.;$;5;$;http://accweb/emmployees/davolio.bmp